{
    "type": "minecraft:crafting_shapeless",
    "ingredients": [
        {
            "item": "minecraft:netherrack"
        },
        {
            "item": "minecraft:netherrack"
        },
        {
            "item": "minecraft:netherrack"
        },
        {
            "item": "minecraft:netherrack"
        },
        {
            "item": "minecraft:quartz"
        },
        {
            "item": "minecraft:quartz"
        },
        {
            "item": "minecraft:quartz"
        },
        {
            "item": "minecraft:quartz"
        }
    ],
    "result": {
        "item": "minecraft:nether_quartz_ore",
        "count": 2
    }
}